RegDate,first_Name,last_Name,Email_Address,HomePhone,Street,City,State,Zipcode
11/12/08 16:05,Mary Kate,Curry,wmppydaymaker@jumpstartlab.com,202-328-1000,1509 Jackson Street,Baltimore,MD,21230
12/3/08 21:43,Sarah,Cordova,tmai.202@jumpstartlab.com,410-963-9000,5430 Hesperus Drive,Columbia,MD,21044
12/4/08 9:21,Greg,Dzara,jmpender@jumpstartlab.com,301-270-2000,122 Park Avenue,Takoma Park,MD,20912
12/10/08 11:51,Jacqueline,Chan,dpstrunn@jumpstartlab.com,202-256-7000,4 Delford Ave,Silver Spring,MD,20904
12/10/08 21:42,Ann,Macconnell,suslandgurl@jumpstartlab.com,514-544-8000,11025 Graymarsh Place,Ijamsville,MD,21754
12/11/08 18:00,Caitlin,Spitz,guhn@jumpstartlab.com,240-899-8000,4405 29th Street,Mount Rainier,MD,20712
12/13/08 10:34,Megan,Fea,mball13@jumpstartlab.com,410-382-0000,2908 Old Court Road,Baltimore,MD,21208
12/15/08 0:39,Gena,Taylor,kabbbbbnnnnnnn@jumpstartlab.com,410-908-6000,11846 Winterlong Way,Columbia,MD,21044
12/18/08 16:21,Jordan,Neer,oklerd52@jumpstartlab.com,301-471-4000,7501 Mayfair Court,Mount Airy,MD,21771
12/19/08 10:11,Emma,Bookstein,vranaveytsman@jumpstartlab.com,310-902-4000,6120 Snowden's Run,Eldersburg,MD,21784
12/19/08 18:35,Laura,Rios,iltherine.durkin@jumpstartlab.com,240-893-0000,705 Colby Ave.,Takoma Park,MD,20912
12/20/08 11:32,Abby,Lam,kdmes.paul89@jumpstartlab.com,240-478-0000,P O Box 346,Garrett Park,MD,20896
12/20/08 11:43,Edward,Mathieson,uwackett@jumpstartlab.com,301-448-6000,5011 Flanders Ave.,Kensington,MD,20895
12/20/08 11:47,Urs,Stein,oaycejc3@jumpstartlab.com,301-828-5000,5217 Elsmere Ave.,Bethesda,MD,20814
12/20/08 11:53,Kris,Forrester,fcuerra1@jumpstartlab.com,301-767-6000,10233 Farnham Drive,Bethesda,MD,20814
12/20/08 11:58,Helene,Van Beek,vsckmajm@jumpstartlab.com,202-701-0000,11501 Regnid Dr.,Silver Spring,MD,20902
12/20/08 12:05,Jane,Dahan,sfarrell@jumpstartlab.com,301-910-3000,9802 Holmhurst Rd,Bethesda,MD,20817
12/20/08 12:18,Vinicio,Healey,tyicastout@jumpstartlab.com,301-910-3000,2800 Ducall Road,Woodbine,MD,21797
12/20/08 12:21,Peter,Farrell,orll18@jumpstartlab.com,301-910-3000,117 S Van Buren St,Rockville,MD,20850
12/20/08 12:26,Emily,Wolochow,mjith.farrell@jumpstartlab.com,301-918-0400,4413 Everett St,Kensington,MD,20891
12/20/08 12:34,Viktoria,Thibodeaux,oiresch@jumpstartlab.com,240-671-1000,3335 Hewitt Ave apt 302,Silver Spring,MD,20906
12/20/08 12:40,Bill,Epstein,iiomasem@jumpstartlab.com,240-602-8000,2006 Luzerne Ave.,Silver Spring,MD,20910
12/28/08 15:55,Etsu,De Haven,xglackwell.tidline@jumpstartlab.com,240-478-0000,2616 Colston Drive,Chevy Chase,MD,20815
12/28/08 16:12,Kathryn,Hardy,vsilliard@jumpstartlab.com,301-922-7000,4400 Cambria Avenue,Garrett Park,MD,20896
1/5/09 16:53,Max,Young,mbrena.whitridge@jumpstartlab.com,301-787-0000,5912 Somerset Rd.,Riverdale,MD,20737
1/7/09 11:58,Mariana,Hayes,xvicia.normand@jumpstartlab.com,718-290-6000,6935 Laurel Ave, #201,Takoma Park,MD,20912
1/7/09 14:52,Robert,Larkins,gmssicacrivas@jumpstartlab.com,443-618-4000,8094 Ventnor Road,Pasadena,MD,21122
1/10/09 12:44,Sarah,Ojeh,bfkelly@jumpstartlab.com,410-474-3000,8000 Boteler Lane Appt 248A,College Park,MD,20742
1/14/09 23:31,Alex,Garrett,taistin.sullivan@jumpstartlab.com,908-477-7000,,College Park,MD,20742
1/15/09 15:34,Stephanie,Udell,ihtherinemhoffman@jumpstartlab.com,202-498-0000,10419 Glen Manor Dr.,,Bowie,MD,20720
1/15/09 19:11,Dea,Frey,ftuffman_k@jumpstartlab.com,609-425-4000,401 Rosemont Ave,Frederick,MD,21701
1/16/09 15:05,Joe,Rizzo,eooss_a@jumpstartlab.com,240-535-8000,,College Park,MD,20740
1/16/09 15:29,Martina,Panacionne,dqkevill@jumpstartlab.com,301-898-8000,PO Box 82,Walkersville,MD,21793
1/20/09 19:54,Null,Beadle,ehdungan@jumpstartlab.com,410-848-0000,628 Barnes Ave,Westminster,MD,21157
1/20/09 19:58,Ben,Stafne,crerymac13@jumpstartlab.com,410-848-0000,628 Barnes Ave,Westminster,MD,21157
1/20/09 20:03,Audrie,Judge,rhfo8296@jumpstartlab.com,410-857-0000,2084 Old Fridinger Mill Rd,Westminster,MD,21157
1/20/09 20:08,Annie,Young,pqrl.stockman@jumpstartlab.com,410-857-0000,2084 Old Fridinger Mill Rd,Westminster,MD,21157
1/20/09 20:13,Andrew,Bauer,kpttri@jumpstartlab.com,443-605-4000,3032 Bird View Rd,Westminster,MD,21157
1/20/09 20:17,Elizabeth,Derek,myugg@jumpstartlab.com,443-604-4000,3140 Slippery Elm Ct,Westminster,MD,21157
1/20/09 20:22,Kaitlin,Theve,pcthan.taylor05@jumpstartlab.com,,5911 Millrace Ct,Columbia,MD,21045
1/20/09 20:27,Chuck,Evans-verret,qhrphy_jp@jumpstartlab.com,443-823-1000,2748 Old Westminster Pike,Westminster,MD,21048
1/20/09 20:32,Ali,Maurer,bsicksam@jumpstartlab.com,240-522-2000,60 Pershing St,Cumberland,MD,21521
1/20/09 20:38,John,Huber,nileyd@jumpstartlab.com,301-689-7000,60 Pershing St,Cumberland,MD,21521
1/20/09 23:22,Catherine,Ng,nhrtonwa@jumpstartlab.com,240-645-5000,3512 Woodbine St,Chevy Chase,MD,20815
1/20/09 23:28,Dominika,Calderado,jnyres@jumpstartlab.com,301-318-4000,8000 Boteler Lane Apt. 716,College Park,MD,20740
1/20/09 23:36,Corey,Morris,wvz7y@jumpstartlab.com,301-318-4000,8000 Boteler Lane Apt. 716,College Park,MD,20740
1/20/09 23:42,Nichol,Lally,xwckandahalf@jumpstartlab.com,240-593-1000,15611 Straughn Drive,Laurel,MD,20707
1/20/09 23:46,Andrew,Waisbren,xkectrae@jumpstartlab.com,301-318-4000,247-10 Leonardtown Hall, University of Maryland,College Park,MD,20742
1/20/09 23:50,Danielle,Chan,dqagles64@jumpstartlab.com,518-651-0000,6901 Preinkert Drive, Apt. 6601C,College Park,MD,20740
1/20/09 23:51,Sam,Bates,gver0030@jumpstartlab.com,847-942-8000,4215 Centreville Hall, University of Maryland,College Park,MD,20742
1/20/09 23:54,Christina,Force,jtessert@jumpstartlab.com,301-318-4000,8000 Boteler Lane Apt. 716,College Park,MD,20740
1/20/09 23:57,Amelia,Huggenkiss,namcgaughey@jumpstartlab.com,301-318-4000,8000 Boteler Lane,College Park,MD,20740
1/20/09 23:59,Bart,Zwicker,assinclair10@jumpstartlab.com,410-212-4000,1414 Anna Marie Ct.,Annapolis,MD,21409
1/21/09 0:01,Keith,Perez,bjui172@jumpstartlab.com,410-596-9000,8000 Boteler Lane,College Park,MD,20740
1/21/09 0:03,Jessie,Moore,suowe@jumpstartlab.com,301-318-4000,8000 Boteler Lane,College Park,MD,20740
1/21/09 13:37,Nicole,Neal,yyrown47@jumpstartlab.com,860-550-2000,1916 Mt. Royal Terrace,Baltimore,MD,21217
1/21/09 15:59,Nicolas,Schiller,hsrahmills.sullivan@jumpstartlab.com,301-654-5000,4910 Cumberland Avenue,Chevy Chase,MD,20815
1/21/09 16:45,Ian,O'shaughnessy,rwthomaswallace@jumpstartlab.com,410-259-2000,628 Barnes Ave,Westminster,MD,21157
1/21/09 18:13,Tracy,Burdiss,fok32@jumpstartlab.com,443-617-7000,28 Heather Hill Rd,Catonsville,MD,21228
1/21/09 18:17,Tatiana,Maccabe,mrise.gabriel@jumpstartlab.com,301-785-6000,1000 Hilltop Circle,Baltimore,MD,21250
1/21/09 18:22,Joe,Lepore,uhenanova3@jumpstartlab.com,443-756-3000,1000 Hilltop Circle,Baltimore,MD,21250
1/21/09 18:25,Will,Peterson,if7233a@jumpstartlab.com,301-646-2000,1000 Hilltop Circle,Baltimore,MD,21250
1/21/09 18:29,Bryan,Somor,lwxiechick_heeler@jumpstartlab.com,410-419-5000,1000 Hilltop Circle,Baltimore,MD,21250
1/21/09 18:48,Andrew,Cine,frkeith@jumpstartlab.com,443-528-3000,28 Advocate Hill Dr,Jarrettsville,MD,21084
1/21/09 18:53,Jessica,Stockman,ewmms711@jumpstartlab.com,443-938-3000,1000 Hilltop Circle,Baltimore,MD,21250
1/21/09 18:57,Jessica,Lumbert,tl@jumpstartlab.com,301-919-3000,1000 Hilltop Circle,Baltimore,MD,21250
1/21/09 19:01,Catherine,Placey,vflly@jumpstartlab.com,845-264-1000,1000 Hilltop Circle,Baltimore,MD,21250
1/21/09 19:04,Elizabeth,Hindes,nlristopherbentley@jumpstartlab.com,410-440-8000,1000 Hilltop Circle,Baltimore,MD,21250
1/21/09 19:10,Shannon,Phillips,yuhrenwerth@jumpstartlab.com,202-329-0000,1000 Hilltop Circle,Baltimore,MD,21250
1/21/09 19:12,Gabriela,Kiener,apaire.rosenkvist@jumpstartlab.com,410-409-3000,1000 Hilltop Circle,Baltimore,MD,21250
1/21/09 19:14,Ryan,Duncombe,hamp9321@jumpstartlab.com,203-804-2000,1000 Hilltop Circle,Baltimore,MD,21250
1/21/09 19:39,Katelyn,Jenkins,kqryan@jumpstartlab.com,952-239-6000,P.O. Box 15403,Annapolis,MD,21412
1/21/09 20:51,David,Two,mcmelhorn@jumpstartlab.com,301-910-5000,14001 Blazer Lane,Silver Spring,MD,20906
1/21/09 21:17,William,Gardner,xgc1@jumpstartlab.com,402-990-4000,Campus Center 2527 16800 Pt. Lookout Rd,St. Mary's City,MD,20686
1/21/09 21:22,Francisco,Rush,siather.jennings@jumpstartlab.com,240-620-1000,Campus Center #1754, 16800 Point Lookout Rd,St. Mary's City,MD,20686
1/21/09 21:30,Leah,Lapointe,vbmzar@jumpstartlab.com,240-620-1000,16800 Point Lookout Rd.,St. Mary's City,MD,20686
1/21/09 21:36,Jessica,Barrows,kphndoe13@jumpstartlab.com,240-620-1000,16800 Point Lookout Road,St Mary's City,MD,20686
1/21/09 21:44,Kaitlin,Santiago,gflajagger@jumpstartlab.com,503-805-3000,Campus Center 2714, 16800 Point Lookout Rd.,St. Mary's City,MD,20686
1/21/09 21:53,Sophia,Tecleab,cicampbe@jumpstartlab.com,410-370-4000,Campus center 1346 16800 point lookout rd,St Mary's City,MD,20686
1/21/09 22:00,Robert,Oorthuys,awndol_n@jumpstartlab.com,717-856-4000,16800 Point Lookout Road,St Mary's City,MD,20686
1/21/09 22:00,Mollie,Mussehl,juworthy@jumpstartlab.com,301-943-2000,Campus Center #1067, 16800 Point Lookout Road,Laurel,MD,20686
1/21/09 22:08,Allegra,Lopez,qssminemerriweather@jumpstartlab.com,703-424-0000,Campus Center 1912, 16800 Point Lookout Rd,St Mary's City,MD,20686
1/21/09 22:11,Ginny,Bartlett,fuberly.sinclair@jumpstartlab.com,555-555-5000,16800 point look road,St. Mary's City,MD,20686
1/21/09 22:16,Katya,Oliver,pemoba6@jumpstartlab.com,555-555-5000,16800 point lookout rd,St Marys City,MD,20686
1/21/09 22:17,Laney,Tyson,kaghav.goyal@jumpstartlab.com,321-321-5000,16800 Pt Lookout Rd,St. Mary's City,MD,20686
1/21/09 22:19,Heather,Foley,ctOHNSON716@jumpstartlab.com,555-555-5000,16800 point lookout rd,St Marys City,MD,20686
1/21/09 22:19,Rachel,Redmond,tcreilly@jumpstartlab.com,321-321-5000,16800 Pt Lookout Rd,St. Marys City,MD,20686
1/21/09 22:22,Ragini,Moss,yusse.d.fries@jumpstartlab.com,555-555-5000,16800 Point lookout rd,St Marys City,MD,20686
1/21/09 22:26,Kadie,Hillman,agara_wright@jumpstartlab.com,555-555-5000,16800 Point lookout rd,St Marys City,MD,20686
1/21/09 22:26,Erin,Schy,rjchel.howson@jumpstartlab.com,321-321-5000,16800 Pt Lookout Rd,St. Marys City,MD,20686
1/21/09 22:28,Aida,Nutter-upham,guazar@jumpstartlab.com,555-555-5000,16800 Point lookout rd,St Marys City,MD,20686
1/21/09 22:29,Zach,Jones,olffj@jumpstartlab.com,321-321-5000,16800 Pt Lookout Rd,St. Mary's City,MD,20686
1/21/09 22:31,Teen,Waldo,vf9gw@jumpstartlab.com,555-555-5000,16800 Point lookout rd,St Marys City,MD,20686
1/21/09 22:31,Lindsay,Migliorini,jk2184a@jumpstartlab.com,321-321-5000,16800 Pt Lookout Rd,St. Mary's City,MD,20686
1/21/09 22:33,Rebecca,Seeliger,yocoburn@jumpstartlab.com,555-555-5000,16800 Point lookout rd,St Marys City,MD,20686
1/21/09 22:34,Jessica,Dulys-nusbaum,nvimslopez@jumpstartlab.com,321-321-5000,16800 Pt Lookout Rd,St. Mary's City,MD,20686
1/21/09 22:35,Stacy,Peeler,tarta.musial@jumpstartlab.com,555-555-5000,16800 Point lookout rd,St Marys City,MD,20686
1/21/09 22:37,Linda,Peterson,qaarren@jumpstartlab.com,321-321-5000,16800 Pt Lookout Rd,St. Mary's City,MD,20686
1/21/09 22:37,Brandon,Hoh,hleyew@jumpstartlab.com,555-555-5000,16800 Point lookout rd,St Marys City,MD,20686
1/21/09 22:39,Katie,Rodriguez,kkhorn@jumpstartlab.com,321-321-5000,16800 Point Lookout Rd.,St. Mary's City,MD,20686
1/21/09 22:39,Nora,Bender,jxhnathon.daniel@jumpstartlab.com,555-555-5000,16800 point lookout rd,St Marys City,MD,20686
1/21/09 22:41,Courtney,Kuria,vlk58@jumpstartlab.com,555-555-5000,16800 Point lookout rd,St Marys City,MD,20686
1/21/09 22:43,Sara,Collier,xbenybn@jumpstartlab.com,555-555-5000,16800 Point lookout rd,St Marys City,MD,20686
1/21/09 22:45,Laura,Thai,oally.sharrow@jumpstartlab.com,555-555-5000,16800 Point lookout rd,St Marys City,MD,20686
1/21/09 22:46,John,Fink,stiorio@jumpstartlab.com,321-321-5000,16800 Point Lookout Rd.,St. Mary's City,MD,20686
1/21/09 22:47,Myriam,Chase,jevesayj@jumpstartlab.com,555-555-5000,16800 Point lookout rd,St Marys City,MD,20686
1/21/09 22:49,Chris,Bradley,chehli.1@jumpstartlab.com,321-321-5000,16800 Point Lookout Rd.,St. Mary's City,MD,20686
1/21/09 22:49,Danielle,Warren,okwhiteman@jumpstartlab.com,555-555-5000,16800 Point lookout rd,St Marys Cityq,MD,20686
1/21/09 22:51,Lisa,Kearney,vkeygordon@jumpstartlab.com,555-555-5000,16800 Point lookout rd,St Marys City,MD,20686
1/21/09 22:53,Gabrielle,Stoneking,jostilllusesabeeper@jumpstartlab.com,555-555-5000,16800 Point lookout rd,St Marys City,MD,20686
1/21/09 22:53,Jake,Hall,ifinero@jumpstartlab.com,402-990-4000,16800 Point Lookout Rd.,St. Mary's City,MD,20686
1/21/09 22:54,Bret,Ebersole,yhsloa08@jumpstartlab.com,555-555-5000,16800 Point lookout rd,St Marys City,MD,20686
1/21/09 22:55,Nell,Houghton,vjm2865@jumpstartlab.com,402-990-4000,16800 Point Lookout Rd.,St. Mary's City,MD,20686
1/21/09 22:56,Robert,Wein,yahrison@jumpstartlab.com,555-555-5000,16800 Point lookout rd,St Marys City,MD,20686
1/21/09 22:58,Ashley,Lopez,vermideo@jumpstartlab.com,555-555-5000,16800 Point lookout rd,St Marys City,MD,20686
1/21/09 23:00,John,Jahne,qyieff@jumpstartlab.com,555-555-5000,16800 Point lookout rd,St Marys City,MD,20686
1/21/09 23:00,Hannah,Moskowitz,rbolley@jumpstartlab.com,402-990-4000,16800 Point Lookout Rd.,Yhfh,MD,20686
1/21/09 23:01,Tony,Reay,uxffret@jumpstartlab.com,555-555-5000,16800 Point lookout rd,St Marys City,MD,20686
1/21/09 23:40,Eliza,Baker,ykvinga@jumpstartlab.com,908-698-2000,MS 2361 Loyola College 4501 North Charles St,Baltimore,MD,21210
1/21/09 23:42,Natalie,Fowler,netite_nombre@jumpstartlab.com,908-698-2000,MS 2361 4501 N Charles St,Baltimore,MD,21210
1/21/09 23:44,William,Davies,rxowden3@jumpstartlab.com,908-698-2000,MS 2361 4501 N. Charles St,Baltimore,MD,21210
1/21/09 23:46,Sarah,Null,rcverburg@jumpstartlab.com,908-698-2000,MS 2361 4501 N. Charles St,Baltimore,MD,21210
1/21/09 23:47,Jennifer,Donnelly,qxaschreck@jumpstartlab.com,908-698-2000,2361 4501 N. Charles St,Baltimore,MD,21210
1/21/09 23:49,Shelby,Sullivan,bereenberg@jumpstartlab.com,631-291-2000,MS 2361 4501 N Charles St,Baltimore,MD,21210
1/21/09 23:51,Courtney,Evans,agatsfunny1688@jumpstartlab.com,410-370-2000,MS 3356 Loyola College 4501 N Charles St,Baltimore,MD,21210
1/21/09 23:53,Wendy,Hunter,elgerow@jumpstartlab.com,908-752-5000,MS 2361 4501 N Charles St,Baltimore,MD,21210
1/21/09 23:55,Lance,Ter Kuile,yboaks@jumpstartlab.com,631-873-5000,124,Baltimore,MD,21210
1/21/09 23:57,Chris,Whitney,bcisher@jumpstartlab.com,410-370-2000,456,Baltimore,MD,21210
1/22/09 13:22,Null,Mccusker,papokuag@jumpstartlab.com,508-274-8000,1519 East Falkland Ln, Apt 154,Silver Spring,MD,20910
1/24/09 19:54,Minrose,Richards,klsheac@jumpstartlab.com,617-935-3000,5215 Centreville Hall, University of Maryland,College Park,MD,20742
1/26/09 20:47,Diana,Kolodin,mqrosent@jumpstartlab.com,301-787-2000,4226A Guilford Dr,College Park,MD,20817
1/26/09 22:24,Kevin,Balinsky-baker,xlarab1@jumpstartlab.com,914-584-4000,7600 Flower Ave.,Takoma Park,MD,20912
1/26/09 22:27,Richard,Herman,xb@jumpstartlab.com,732-299-7000,1001 Kennebec Ave.,Takoma Park,MD,20912
1/26/09 22:36,Michael,Embick,sdfonteyne@jumpstartlab.com,913-687-1000,7600 Flower Ave.,Takoma Park,,MD,20912
1/26/09 22:43,X,Litzenberg,bfoseen@jumpstartlab.com,240-350-8000,15144 Red Cedar Dr.,Burtonsville,MD,20866
1/26/09 23:11,Melissa,Stachowski,dnhimjolly@jumpstartlab.com,301-518-9000,15144 Red Cedar Dr.,Burtonsville,MD,20866
1/26/09 23:23,Dani,Becker,uxch.hastings@jumpstartlab.com,240-386-9000,7600 Flower Ave.,Takoma Park,MD,20912
1/26/09 23:27,Milton,Lister,dqingold@jumpstartlab.com,301-891-4000,7600 Flower Ave.,Takoma Park,MD,20912
1/27/09 21:47,Laura,Voutour,tuyrotenberg@jumpstartlab.com,301-474-0000,2 P Plateau Pl,Greenbelt,MD,20770
1/28/09 8:58,Jessica,Svoboda,vxitkens724@jumpstartlab.com,860-810-6000,4501 N Charles St. MS 2700,Baltimore,MD,21210
1/28/09 11:24,Jesse,Doe,gsaddario@jumpstartlab.com,717-448-2000,1304 Peaceful Lane,Silver Spring,MD,20904
1/28/09 21:54,Sheila,Slote,gdristina.holland@jumpstartlab.com,301-974-1000,8252 Sandy Stream Road,Laurel,MD,20723
1/29/09 10:13,Daniel,Doe,iicmseac@jumpstartlab.com,301-318-4000,7951 15th Ave #201,Hyattsville,MD,20783
1/29/09 11:58,Katie,Hopkins,gbnichol@jumpstartlab.com,410-592-8000,11819 Stoney Batter Road,Kingsville,MD,21087
1/29/09 15:12,Laney,Letcheva,pdisb_nuggs@jumpstartlab.com,845-988-7000,1401 potomac ave,Hagerstown,MD,21742
1/29/09 19:54,Carl,See,fuoungma@jumpstartlab.com,678-571-0000,247-09D Leonardtown,College Park,MD,20740
1/29/09 20:46,Matthew,Borick,gclue-hitchens11@jumpstartlab.com,301-346-9000,247-09-C New Leonardtown,College Park,MD,20742
1/30/09 10:41,Alexis,Kauffman,ctnteyj@jumpstartlab.com,617-365-0000,3339 N. Charles St.,Baltimore,MD,21218
1/30/09 10:53,Whitney,San Roman,fgoore@jumpstartlab.com,617-365-0000,2 w. University Pkwy,Baltimore,MD,21218
1/30/09 10:57,Eleanor,Tran,tiperchick447@jumpstartlab.com,617-365-0000,6010 California Cir 114,Rockville,MD,20852
1/30/09 11:01,Ben,Sibelman,kntsosj@jumpstartlab.com,617-365-0000,712 Montpelier,Baltimore,MD,21218
1/30/09 11:04,Isabelle,Thatcher,dybosem@jumpstartlab.com,617-365-0000,3339 N. Charles,Baltimore,MD,21218
1/30/09 11:07,Liana,Gent,eggordon@jumpstartlab.com,617-365-0000,3900 Halstead,Baltimore,MD,21218
1/30/09 11:10,Jessica,Bissessar,kkazirak@jumpstartlab.com,617-365-0000,110 W. 39th,Baltimore,MD,21210
1/30/09 11:13,Jake,Matthews,feaversnob@jumpstartlab.com,617-365-0000,3501 st. paul,Baltimore,MD,21218
1/30/09 11:15,Stephen,Xx,tull31@jumpstartlab.com,617-365-0000,3339 n charles,Baltimore,MD,21218
1/30/09 11:18,Laura,Boyle,vvaterma@jumpstartlab.com,617-365-0000,110 w 39th,Baltimore,MD,21210
1/30/09 11:21,John,Westwood,ngelacolwell@jumpstartlab.com,617-365-0000,3301 n charles st.,Baltimore,MD,21218
1/30/09 11:23,Laura,Webster,ows_braun@jumpstartlab.com,617-365-0000,3003 n charles st,Baltimore,MD,21218
1/30/09 11:26,Cassidy,Smith,vxurengill@jumpstartlab.com,617-365-0000,3003 n charles st,Baltimore,MD,21218
1/30/09 12:16,Sherry,Khouang,ceanzet@jumpstartlab.com,301-613-1000,x,X,MD,21216
1/30/09 12:19,Keonna,Caldwell,lwlarali@jumpstartlab.com,301-613-1000,x,X,MD,21216
1/30/09 12:21,Meghan,Student,txancourt@jumpstartlab.com,301-613-1000,x,X,MD,21216
1/30/09 12:23,Catherine,Dutton,xfnnie.woldorf@jumpstartlab.com,301-613-1000,x,X,MD,21216
1/30/09 12:27,Philip,Sangha,nmnes4re@jumpstartlab.com,301-613-1000,x,X,MD,21216
1/30/09 12:29,Neha,D'addario,wyusecc@jumpstartlab.com,301-613-1000,x,X,MD,21216
1/30/09 12:30,Russell,Kurs,rnloe.sackett@jumpstartlab.com,301-613-1000,x,X,MD,21216
1/30/09 12:40,Aditi,Rizzo,odenajean@jumpstartlab.com,301-613-1000,x,X,MD,21216
1/30/09 12:43,Meredith,Zahorian,ypebee3000@jumpstartlab.com,301-613-1000,x,X,MD,21216
1/30/09 12:45,Heather,Thompson,rdm327@jumpstartlab.com,301-613-1000,x,X,MD,21216
1/30/09 14:16,Null,Howard,uqlitzen@jumpstartlab.com,508-954-9000,247-10 Leonardtown, University of Maryland,College Park,MD,20742
1/30/09 14:28,Jessica,Sanders,uvsorens@jumpstartlab.com,301-613-1000,x,X,MD,21216
1/30/09 14:30,Melanie,Phillips,hdaggio@jumpstartlab.com,301-613-1000,x,X,MD,21216
1/30/09 14:31,Alicia,Smedick,saoy3333@jumpstartlab.com,301-613-1000,x,X,MD,21216
1/30/09 14:33,Caroline,Mershon,ny@jumpstartlab.com,301-613-1000,x,X,MD,21216
1/30/09 14:37,Michael,Sprinzen,jyica.borgeswallace@jumpstartlab.com,301-613-1000,x,X,MD,21216
1/30/09 14:38,Sandddd,Hoffbeck,nrllinsj4@jumpstartlab.com,301-613-1000,x,X,MD,21216
1/30/09 14:39,Holly,Derwin,tcephanie.j.gardner@jumpstartlab.com,301-613-1000,x,X,MD,21216
1/30/09 14:41,Diana,Downing,sdhaw1@jumpstartlab.com,301-613-1000,x,X,MD,21216
1/30/09 14:43,Sarah,Waldman,cychelleighguillory@jumpstartlab.com,301-613-1000,x,X,MD,21216
1/30/09 14:44,Mary,Bell,cfeckerp@jumpstartlab.com,301-613-1000,x,X,MD,21216
1/30/09 14:46,Bridget,Hawes,lsmery@jumpstartlab.com,301-613-1000,x,X,MD,21216
1/30/09 14:47,Philip,Cruickshank,plerris@jumpstartlab.com,301-613-1000,x,X,MD,21216
1/30/09 14:48,Robert,Kohnstamm,ruood1988@jumpstartlab.com,301-613-1000,x,X,MD,21216
1/30/09 14:49,Jason,Law,agle_Rosenblad@jumpstartlab.com,301-613-1000,x,X,MD,21216
1/30/09 14:51,Eric,Owens,moilema1@jumpstartlab.com,301-613-1000,x,X,MD,21216
1/30/09 14:52,Jillian,Dennis,urchnibe@jumpstartlab.com,301-613-1000,x,X,MD,21216
1/30/09 14:54,Christie,Pedicone,ixhndoe3@jumpstartlab.com,301-613-1000,x,X,MD,21216
1/30/09 14:55,Marcellus,Lane,nuttydus@jumpstartlab.com,301-613-1000,x,X,MD,21216
1/30/09 14:56,Valencia,Miller,dpaaaaaaaaa@jumpstartlab.com,301-613-1000,x,X,MD,21216
1/30/09 14:58,Elizabeth,Parry,acombard@jumpstartlab.com,301-613-1000,x,X,MD,21216
1/30/09 15:00,Juliet,Gill,tqnniferkrill@jumpstartlab.com,301-613-1000,x,X,MD,21216
1/30/09 15:01,Catherine,Howell-dinger,arnneryis007@jumpstartlab.com,301-613-1000,x,X,MD,21216
1/30/09 15:02,Andrea,Marchessault,ord9@jumpstartlab.com,301-613-1000,x,X,MD,21216
1/30/09 15:04,Jane,Mendez,natowel@jumpstartlab.com,301-613-1000,x,X,MD,21216
1/30/09 15:06,J,Ray-mazumder,tmclaibo@jumpstartlab.com,301-613-1000,x,X,MD,21216
1/30/09 15:09,Lea,Finkel,reanelle.dugan@jumpstartlab.com,301-613-1000,x,X,MD,21216
1/30/09 15:10,Whitney,Lynch,ahccernsv@jumpstartlab.com,301-613-1000,x,X,MD,21216
1/30/09 15:11,Michael,Moynahan,hkianhalprin@jumpstartlab.com,301-613-1000,x,X,MD,21216
1/30/09 15:13,James,Webster,vouljosephpark@jumpstartlab.com,301-613-1000,x,X,MD,21216
1/30/09 15:15,Catherine,Carodenuto,rcura.lipinski@jumpstartlab.com,301-613-1000,x,X,MD,21216
1/30/09 15:17,Francesca,Heinichen,lynfranklin@jumpstartlab.com,301-613-1000,x,X,MD,21216
1/30/09 15:18,Elise,Shapiro,aesout08@jumpstartlab.com,301-613-1000,x,X,MD,21216
1/30/09 15:20,Andreah,Van Eck,qxcthruhiker17@jumpstartlab.com,301-613-1000,x,X,MD,21216
1/30/09 15:21,Marci,Wright,rbrie.stratton@jumpstartlab.com,301-613-1000,x,X,MD,21216
1/30/09 15:23,Mary,Skaggs,ijlldurrett@jumpstartlab.com,301-613-1000,x,X,MD,21216
1/30/09 15:25,Lorenzo,Coleman,jjaslett@jumpstartlab.com,301-613-1000,x,X,MD,21216
1/30/09 15:28,Andrew,Colehor,gjlupkin@jumpstartlab.com,301-613-1000,x,X,MD,21216
1/30/09 15:29,Beth,Laird,umt24@jumpstartlab.com,301-613-1000,x,X,MD,21216
1/30/09 15:31,Arielle,Dooley-feldman,kkccrory@jumpstartlab.com,301-613-1000,x,X,MD,21216
1/30/09 15:33,Katherine,Maloney,rcng2106@jumpstartlab.com,301-613-1000,x,X,MD,21216
1/30/09 15:34,Rebecca,Uzuki,gkpagecolby@jumpstartlab.com,301-613-1000,x,X,MD,21216
1/30/09 15:36,Georgia,Brown,pikeAli27@jumpstartlab.com,301-613-1000,x,X,MD,21216
1/30/09 15:38,Euric,Griffin,rcll32@jumpstartlab.com,301-613-1000,x,X,MD,21216
1/30/09 15:40,Natalie,Jones,korkson.allegra@jumpstartlab.com,301-613-1000,x,X,MD,21216
1/30/09 15:41,Stacy,Reese,yohley.leclare@jumpstartlab.com,301-613-1000,x,X,MD,21216
1/30/09 17:50,Charles,Bolton,tfedina4@jumpstartlab.com,814-397-3000,1010 S. Kenwood Ave.,Baltimore,MD,21224
1/31/09 6:44,Tarini,Atcheson,xkracken@jumpstartlab.com,410-992-0000,8945 Footed Ridge,Columbia,MD,21045
1/31/09 12:02,Jamie,Marden,assse.d.jenkins@jumpstartlab.com,443-257-9000,4230 Knox Road, Apt. 1530,College Park,MD,20742
1/31/09 12:57,Lillian,Repka,nywaibi@jumpstartlab.com,240-426-0000,3109 Cambridge,College Park,MD,20742
1/31/09 14:19,Natalie,Weinstein,xuwilburn11@jumpstartlab.com,240-401-0000,247-9 Leonardtown Hall, University of Maryland,College Park,MD,20742
1/31/09 14:22,Nicholas,Cooper,yyvidpcorrado@jumpstartlab.com,978-844-4000,8000 Boteler Lane,College Park,MD,20740
1/31/09 14:52,Shannon,Stewart,liarry@jumpstartlab.com,410-227-6000,1000 Hilltop Circle,Baltimore,MD,21250
1/31/09 16:26,Melanie,Manchada,gxudgens@jumpstartlab.com,718-305-4000,1492 Selworthy Rd,Potomac,MD,20854
1/31/09 17:27,Steph,Frederick,krott@jumpstartlab.com,410-458-5000,8000 Boteler Lane Apt #124A,College Park,MD,29740
1/31/09 17:50,Tamara,Siegel,dingbodu@jumpstartlab.com,301-257-9000,6905 donachie rd apt f,Baltimore,MD,21239
1/31/09 17:53,Jay,Jeff,pmahlstr@jumpstartlab.com,301-257-9000,303 E. Burke Rd Apt C,Towson,MD,21286
1/31/09 18:08,Laurie,Clancy,jk@jumpstartlab.com,301-257-9000,3115-8 university blvd west,Kensington,MD,20895
1/31/09 18:10,Jane,White,fpikatri@jumpstartlab.com,301-257-9000,8007 york rd apt C1,Towson,MD,21204
1/31/09 18:11,Cara,Brubaker,tvnglese1@jumpstartlab.com,310-370-4000,6121 Centreville Hall,College Park,MD,20742
1/31/09 18:12,Marcelino,O'bryon,jxrrieweikle@jumpstartlab.com,302-245-5000,8000 Boteler Lane Apt. 124,College Park,MD,20740
1/31/09 18:14,Jessica,Wang,vwinsa02@jumpstartlab.com,443-629-7000,11209 greenspring ave,Lutherville,MD,21093
1/31/09 18:18,Kirsten,Suzor,hwiderc@jumpstartlab.com,443-994-2000,4603 harvard rd.,College Park,MD,20740
1/31/09 18:21,Amanda,Dougherty,ukmitch07@jumpstartlab.com,240-210-3000,607 wilson ln,Waldorf,MD,20602
1/31/09 18:24,X,Griffard,skmbolger@jumpstartlab.com,301-266-7000,6580 glendale place,La Plata,MD,20646
1/31/09 18:28,Sarah,Williams,dvjaff07@jumpstartlab.com,443-632-4000,14021 woodlings lane,Reisterstown,MD,21136
1/31/09 18:34,Sarah,Brisbois,wqlee0808@jumpstartlab.com,443-632-4000,3043 Frisby St.,Baltimore,MD,21218
1/31/09 18:34,Kelly,Santoro,auurtney.marie.davis@jumpstartlab.com,240-205-4000,28 Lee Ave. Apt. 303,Takoma Park,MD,20912
1/31/09 18:37,Alice,Ogutu,ury1@jumpstartlab.com,443-616-7000,3327 charles st,Fallston,MD,21047
1/31/09 18:40,Stephen,Fonda-bonardi,rilking_contradiction_27@jumpstartlab.com,240-346-9000,3802 brewster circle,Waldorf,MD,20601
1/31/09 18:42,Jordan,Pfeffer,xfanjarr@jumpstartlab.com,240-461-4000,251 manor circle,Takoma Park,MD,20912
1/31/09 18:45,Hilary,Nayeem,lhavis@jumpstartlab.com,301-814-1000,251 manor circle,Takoma Park,MD,20912
1/31/09 19:29,Charlotte,Syrig,wwedellstiles@jumpstartlab.com,301-318-4000,6201 41st Ave,Hyattsville,MD,20782
1/31/09 19:36,Zachary,Reinauer,qrantiag@jumpstartlab.com,304-604-5000,5218 Centreville,College Park,MD,20742
1/31/09 19:56,Emma,Barker,rcberger@jumpstartlab.com,301-320-0000,2 Bay Tree Lane,Bethesda,MD,20816
2/1/09 9:32,Bradly,Zamudio,fyaronsmith@jumpstartlab.com,410-218-0000,1102 Somerset Hall,College Park,MD,20742
2/1/09 13:07,Megan,Sager,xglia.shindel@jumpstartlab.com,513-417-2000,4227 Oglethorpe St.,Hyattsville,MD,20781
2/1/09 14:14,Null,Gupta,sxhndoe14@jumpstartlab.com,812-552-3000,1133 E West Hwy, Ste 319-W,Silver Spring,MD,20910
2/1/09 16:45,Meredith,Doe,uimenez@jumpstartlab.com,301-252-9000,8000 Travis Ln,College Park,MD,20740
2/1/09 17:05,Zach,Fencl,smTAK@jumpstartlab.com,513-680-3000,8204 Baltimore Ave, Apt 718B,College Park,MD,20740
2/1/09 18:45,Brandon,Zimmer,mmockc6@jumpstartlab.com,732-779-8000,401 Rosemont Ave.,Frederick,MD,21701
2/1/09 20:44,Paul,Lazarowski,qnudmer@jumpstartlab.com,301-379-0000,17714 Meetinghouse Rd,Sandy Spring,MD,20860
2/1/09 20:49,Shane,August,anhilips@jumpstartlab.com,301-891-2000,1012 Heather Ave,Takoma Park,MD,20912
2/1/09 20:52,Leslie,Barns,ufoff@jumpstartlab.com,240-626-1000,24 JerMae St,Thurmont,MD,21788
2/1/09 20:53,Scott,Parker,qhuer321@jumpstartlab.com,202-270-1000,19308 Alderbarn Ct,Brookeville,MD,20833
2/1/09 21:09,Shannon,Patrick,foshankland@jumpstartlab.com,240-750-0000,4 Vallingby Circle,Rockvile,MD,20850
2/1/09 21:13,Sophia,Haskell,gbffb_123@jumpstartlab.com,301-474-0000,14-N Laurel Hill Road,Greenbelt,MD,20770
2/1/09 21:20,Rose,Arnold,oqenville@jumpstartlab.com,301-233-7000,6 Middlebridge Ct,Silver Spring,MD,20906
2/1/09 21:23,Alison,Dickson,xoolloway10@jumpstartlab.com,301-299-5000,8158 Inverness Ridge Road,Potomac,MD,20854
2/1/09 21:27,Eliza,Xx,wqrah.mary89@jumpstartlab.com,301-983-2000,11713 Charen Lane,Potomac,MD,20854
2/1/09 21:37,Kirsten,Chronis,frmooski@jumpstartlab.com,301-617-4000,10584 Hunters Way,Laurel,MD,20723
2/1/09 21:41,Dominique,Dewolf,xwh001@jumpstartlab.com,301-588-0000,9407 Worth Ave,Silver Spring,MD,20901
2/1/09 21:45,Sam,Wetherill,fyvegetarian@jumpstartlab.com,240-485-6000,10823 Margate Road,Silver Spring,MD,20901
2/1/09 21:48,X,Comer,iaivings@jumpstartlab.com,240-672-8000,3708 Underwood Rd,Chevy Chase,MD,20815
2/1/09 21:52,Katie,Roy,dhigsi01@jumpstartlab.com,206-372-2000,6201 41st Ave,Hyattsville,MD,20782
2/1/09 21:53,Jessica,Avendano,ruoore10@jumpstartlab.com,301-787-5000,1814 August Dr,Silver Spring,MD,20902
2/1/09 21:56,Lauren,Marquis,fqenshen@jumpstartlab.com,301-830-3000,2103 Hermitage Road,Wheaton,MD,20902
2/1/09 21:59,Michael,Spero,dcna.kuhnline@jumpstartlab.com,301-801-9000,8905 Sudbury Road,Silver Spring,MD,20901
2/1/09 22:09,Liam,Theden,psmcgrew@jumpstartlab.com,301-421-1000,2217 Link Road,Silver Spring,MD,20905
2/1/09 22:13,Stephanie,Siegler,npmaho06@jumpstartlab.com,240-602-7000,6905 Pineway Ave,University Park,MD,20782
2/1/09 22:19,Ruth,Wofford,paallmeyer@jumpstartlab.com,240-497-1000,7423 Lynnhurst Street,Chevy Chase,MD,20815
2/1/09 22:30,Jane,Schwaneke,fjh224@jumpstartlab.com,301-219-7000,310 Crabb Avenue,Rockville,MD,20850
2/1/09 22:35,Sajeewa,Tedrow,gerumber@jumpstartlab.com,301-760-6000,7710 Iron Forge Court,Derwood,MD,20855
2/1/09 22:37,Rhiannon,Mccall,plgermal@jumpstartlab.com,301-466-7000,4111 Elkton Hall,College Park,MD,20742
2/1/09 22:38,Shannen,Queen,kjinda.manglik@jumpstartlab.com,301-774-9000,4105 Alfalfa Terrace,Olney,MD,20832
2/1/09 23:11,Meg,Smith,jy379@jumpstartlab.com,301-318-4000,5024 Berwyn Road,College Park,MD,20740
2/1/09 23:12,Arden,Lkjklljlkj,hslftylerblue@jumpstartlab.com,240-252-9000,3106 Dorchester Hall,College Park,MD,20742
2/1/09 23:20,Kara,Baker,cms.bischoff@jumpstartlab.com,240-888-4000,7600 Flower Ave.,Takoma Park,MD,20912
2/1/09 23:25,Genevieve,Catellacci,gyura.Kriegel@jumpstartlab.com,301-318-4000,6109 Hagerstown Hall,College Park,MD,20742
2/1/09 23:26,Eliza,Gromisch,lqmoresch@jumpstartlab.com,301-676-1000,8241 Black Hawk Court,Frederick,MD,21701
2/1/09 23:29,Dordt,Tale,qxope@jumpstartlab.com,410-710-7000,5104 Denton Hall,College Park,MD,20742
2/1/09 23:30,Christian,Rueter,xlean@jumpstartlab.com,240-498-0000,224 Onley Road #103-A,Salisbury,MD,21804
2/1/09 23:33,Sarah,Gosse,bsore@jumpstartlab.com,304-279-5000,7600 Flower Ave.,Takoma Park,MD,20912
2/1/09 23:33,Austin,Brummel,lpldor_a@jumpstartlab.com,301-318-4000,8000 Boteler Lane,College Park,MD,20740
2/1/09 23:39,Joseph,Kolb,avdisido@jumpstartlab.com,301-318-4000,8000 Boteler Lane,College Park,MD,20740
2/1/09 23:43,Seth,Holleb,ouitlinef324@jumpstartlab.com,301-910-3000,4226 Guilford Drive, Apt A,College Park,MD,20740
2/1/09 23:47,Jordan,Holdaway,ekazanec@jumpstartlab.com,301-523-9000,8133 Hagerstown Hall,College Park,MD,20742
2/1/09 23:53,Lorena,Gladfelter,ylnjen3323@jumpstartlab.com,301-204-0000,2 College Hill,Westminster,MD,21157
2/2/09 0:03,Ben,Rawstron,xjpivey@jumpstartlab.com,319-350-4000,6201 41st Ave,Hyattsville,MD,20782
2/2/09 0:07,Laura,Butler,drCyprian@jumpstartlab.com,301-318-4000,247-9C New Leonardtown,College Park,MD,20742
2/2/09 0:22,Jake,Sorenson,pqowen09@jumpstartlab.com,301-712-7000,4902 Cherokee Street,College Park,MD,20740
2/2/09 6:55,Kyle,Wolfson,gjethin@jumpstartlab.com,202-222-0000,4004 32nd St,Mount Rainier,MD,20712
2/2/09 9:47,Kerry,Spence,cghsjp@jumpstartlab.com,410-303-1000,7400 Columbia Ave,College Park,MD,20740
2/2/09 10:30,Dan,Aungst,vmrthsaver@jumpstartlab.com,503-475-8000,12545 Catalina Drive,Lusby,MD,20657